[{"id":2,"title":"Banana Congelee","image":"images/Banana-Drawing-Lesson-Color-GraphicsFairy.jpeg","notes":"Giornata Banana","user_key":1,"date":"2023-08-23T19:00:00.000Z","color":"#ea7b7b"},{"id":5,"title":"prova","image":null,"notes":"prova","user_key":1,"date":"2023-08-13T00:00:00.000Z","color":null},{"id":6,"title":"prova","image":null,"notes":"prova","user_key":1,"date":"2023-08-13T07:00:00.000Z","color":"#000000"},{"id":1,"title":"test","image":"","notes":"Ciao","user_key":null,"date":"2023-08-08T07:00:00.000Z","color":"#000000"},{"id":4,"title":"testw","image":null,"notes":"prova","user_key":1,"date":"2023-08-11T00:00:00.000Z","color":"#df2a2a"},{"id":7,"title":"ter","image":null,"notes":null,"user_key":1,"date":"2023-08-12T00:00:00.000Z","color":"#000000"},{"id":3,"title":"Project","image":"images/514B0sWNWVL._AC_UF1000,1000_QL80_.jpg","notes":"Progetto per la giornata del papa","user_key":1,"date":"2023-08-19T07:00:00.000Z","color":null}]