[{"id":5,"birthday":"2021-11-11T00:00:00.000Z","care_card":"","first_language":"","first_name":"Topolino","last_name":"Top","other_languages":"","photo":"","private_care_card":"","relation_address":2,"second_language":"","sex":"Female","user_key":null,"relation_health":null},{"id":7,"birthday":"2023-07-30T19:00:00.000Z","care_card":null,"first_language":null,"first_name":"Trollino","last_name":"Trooll","other_languages":null,"photo":null,"private_care_card":null,"relation_address":null,"second_language":null,"sex":null,"user_key":null,"relation_health":null},{"id":2,"birthday":"2023-07-11T02:14:00.000Z","care_card":"","first_language":"","first_name":"Jonny","last_name":"Smitty","other_languages":"","photo":"","private_care_card":"","relation_address":3,"second_language":"","sex":"","user_key":2,"relation_health":null},{"id":6,"birthday":"2023-07-30T19:00:00.000Z","care_card":"","first_language":"","first_name":"Topolino","last_name":"Topo","other_languages":"","photo":"","private_care_card":"","relation_address":null,"second_language":"","sex":"","user_key":2,"relation_health":null},{"id":8,"birthday":"2023-07-02T19:00:00.000Z","care_card":"","first_language":"","first_name":"totto","last_name":"tio","other_languages":"","photo":"","private_care_card":"","relation_address":null,"second_language":"","sex":"","user_key":2,"relation_health":null},{"id":9,"birthday":"2023-07-09T19:00:00.000Z","care_card":null,"first_language":null,"first_name":"test","last_name":"test","other_languages":null,"photo":null,"private_care_card":null,"relation_address":null,"second_language":null,"sex":null,"user_key":2,"relation_health":null},{"id":10,"birthday":"2023-07-02T19:00:00.000Z","care_card":null,"first_language":null,"first_name":"set","last_name":"set","other_languages":null,"photo":null,"private_care_card":null,"relation_address":null,"second_language":null,"sex":null,"user_key":2,"relation_health":null}]