[{"id":1,"any_allergies":false,"diphtheria_tetanus_whooping_cough":null,"health_problems":true,"hearing_problems":false,"illnesses":"tosse","measles_mumps_rubella":null,"meningitis_date":null,"please_specify_the_boxes_checked_yes":"i don't know","polio_date":null,"sight_problems":true,"special_diet":false,"speech_problems":true,"take_medication":true,"user_key":1,"vaccination":"Attach a copy of the health record","vaccination_file":""},{"id":2,"any_allergies":true,"diphtheria_tetanus_whooping_cough":"2023-08-14T19:00:00.000Z","health_problems":true,"hearing_problems":true,"illnesses":"tosse","measles_mumps_rubella":"2023-08-14T19:00:00.000Z","meningitis_date":"2023-08-29T19:00:00.000Z","please_specify_the_boxes_checked_yes":null,"polio_date":"2023-08-06T19:00:00.000Z","sight_problems":false,"special_diet":false,"speech_problems":false,"take_medication":false,"user_key":1,"vaccination":"Indicate vaccination dates below","vaccination_file":null}]