[{"id":1,"first_name":"Pier","last_name":"PIer","relation":null,"other_relation":null,"emergency":false,"home_phone":"666666666666","cell_phone":null,"email":null,"user_key":null},{"id":2,"first_name":"m","last_name":"mamma","relation":"Mother","other_relation":"","emergency":false,"home_phone":"604","cell_phone":"","email":"","user_key":1},{"id":3,"first_name":"Test","last_name":"Test","relation":null,"other_relation":null,"emergency":true,"home_phone":null,"cell_phone":null,"email":null,"user_key":2}]