[{"id":1,"cell_phone":null,"email":null,"emergency":false,"first_name":"Pier","home_phone":"666666666666","last_name":"PIer","other_relation":null,"relation":null,"relation_address":null,"user_key":null},{"id":2,"cell_phone":"","email":"","emergency":false,"first_name":"m","home_phone":"604","last_name":"mamma","other_relation":"","relation":"Mother","relation_address":null,"user_key":1},{"id":3,"cell_phone":null,"email":null,"emergency":true,"first_name":"Test","home_phone":null,"last_name":"Test","other_relation":null,"relation":null,"relation_address":null,"user_key":2},{"id":4,"cell_phone":null,"email":null,"emergency":false,"first_name":"ter","home_phone":null,"last_name":"tes","other_relation":null,"relation":null,"relation_address":null,"user_key":2}]