[{"id":1,"email":"ccms@example.com","password":"$2a$10$V609lq1xoQfSg3xpdbfi4eM0zzjS5tEl4GqyB8ISfHfShhUdfe7fG","role_id":1,"reset_password_token":null,"reset_password_expiry":null,"language":null,"disabled":false,"api_token":null,"_attributes":null,"verification_token":null,"verified_on":null,"last_mobile_login":null},{"id":2,"email":"user@example.com","password":"$2a$10$QYoGrUJEYzt8Fg95YYTGsuIatn249LTbt9w8Ka5tc9a2RBHV4HWhm","role_id":80,"reset_password_token":null,"reset_password_expiry":null,"language":null,"disabled":false,"api_token":null,"_attributes":null,"verification_token":null,"verified_on":null,"last_mobile_login":null},{"id":3,"email":"user2@exemple.com","password":"$2a$10$DHKpVM4xRfTMoLLoninEbOFW82PzsMMoHfnhOl1MJjxWZSmjyGKQi","role_id":80,"reset_password_token":null,"reset_password_expiry":null,"language":null,"disabled":false,"api_token":null,"_attributes":null,"verification_token":null,"verified_on":null,"last_mobile_login":null},{"id":4,"email":"staff@example.com","password":"$2a$10$VgF95qhRfWNecPHa8mHxxekd6GGp8I/cxEUUJRNJO31zoBSCKHble","role_id":40,"reset_password_token":null,"reset_password_expiry":null,"language":null,"disabled":false,"api_token":null,"_attributes":null,"verification_token":null,"verified_on":null,"last_mobile_login":null}]