[{"id":2,"first_name":"Jonny","last_name":"Smitty","birthday":"2023-07-11T02:14:00.000Z","sex":null,"photo":"","care_card":"","private_care_card":null,"first_language":null,"second_language":null,"other_languages":"","user_key":null},{"id":5,"first_name":"Topolino","last_name":"Top","birthday":"2021-11-11T00:00:00.000Z","sex":"Female","photo":null,"care_card":null,"private_care_card":null,"first_language":null,"second_language":null,"other_languages":null,"user_key":3},{"id":6,"first_name":"Cosmo","last_name":"Pierini","birthday":"2020-11-11T00:00:00.000Z","sex":"Male","photo":null,"care_card":null,"private_care_card":null,"first_language":null,"second_language":null,"other_languages":null,"user_key":2},{"id":7,"first_name":"Fil","last_name":"filo","birthday":"2023-01-10T00:00:00.000Z","sex":"Female","photo":null,"care_card":null,"private_care_card":null,"first_language":null,"second_language":null,"other_languages":null,"user_key":2},{"id":8,"first_name":"tulli","last_name":"tu","birthday":"2023-07-01T00:00:00.000Z","sex":"Female","photo":null,"care_card":null,"private_care_card":null,"first_language":null,"second_language":null,"other_languages":null,"user_key":2}]